time,ra.x1,ra.x2,ra.x3,ra.x4,ra.x5,ra.x6
1,0.5,2.47,1.09,0.92,1.24,0.6
2,0.49,2.47,1.08,0.92,1.23,0.59
3,0.49,2.46,1.08,0.91,1.23,0.59
4,0.49,2.46,1.07,0.91,1.23,0.59
5,0.49,2.46,1.07,0.9,1.23,0.59
6,0.49,2.46,1.07,0.9,1.23,0.58
7,0.48,2.46,1.86,0.89,1.22,0.58
8,0.48,2.46,1.9,0.88,1.22,0.58
9,0.48,2.46,1.9,0.88,1.22,0.58
10,0.47,2.45,1.89,0.88,1.22,0.58
11,0.47,2.45,1.88,0.87,1.21,0.57
12,0.47,2.45,1.88,0.87,1.21,0.57
13,0.46,2.45,1.87,0.86,1.21,0.57
14,0.46,2.44,1.87,0.85,1.21,0.57
15,0.46,2.44,1.87,0.85,1.2,0.56
16,0.46,2.44,1.86,0.84,1.2,0.56
17,0.46,2.44,1.86,0.84,1.2,0.56
18,0.45,2.43,1.85,0.83,1.2,0.55
19,0.45,2.43,1.85,0.83,1.2,0.55
20,0.44,2.43,1.84,0.82,1.2,0.55
21,0.44,2.43,1.84,0.82,1.19,0.55
22,0.44,2.43,1.83,0.82,1.19,0.54
23,0.44,2.43,1.83,1.25,1.19,0.54
24,0.43,2.42,1.86,1.25,1.19,0.54
25,0.43,2.42,1.86,1.24,1.19,0.8
26,0.43,2.42,1.86,1.24,1.18,0.79
27,0.43,2.42,1.85,1.23,1.18,0.79
28,0.42,2.42,1.84,1.23,1.18,0.79
29,0.42,2.41,1.85,1.22,1.18,0.79
30,0.42,2.41,1.84,1.22,1.17,0.79
31,0.42,2.41,1.83,1.22,1.17,0.78
32,0.42,2.41,1.83,1.21,1.17,0.78
33,0.41,2.4,1.82,1.21,1.17,0.78
34,0.41,2.4,1.82,1.21,1.17,0.78
35,0.41,2.4,1.81,1.2,1.16,0.77
36,0.4,2.4,1.82,1.2,1.16,0.77
37,0.4,2.4,1.81,1.2,1.16,0.77
38,0.4,2.39,1.8,1.19,1.16,0.76
39,0.4,2.39,2.04,1.19,1.16,0.76
40,0.4,2.39,2.04,1.18,1.16,0.76
41,0.39,2.39,2.03,1.18,1.15,0.76
42,0.39,2.39,2.03,1.18,1.15,0.76
43,0.39,2.38,2.02,1.18,1.15,0.75
44,0.38,2.38,2.02,1.18,1.14,0.75
45,0.38,2.38,2.01,1.17,1.15,0.75
46,0.38,2.38,2.01,1.17,1.14,0.75
47,0.38,2.38,2,1.16,1.14,0.74
48,0.37,2.38,2,1.16,1.14,0.74
49,0.37,2.37,2,1.16,1.13,0.74
50,0.37,2.37,1.99,1.16,1.13,0.73
51,0.37,2.37,1.98,1.16,1.13,0.73
52,0.36,2.37,1.98,1.15,1.13,0.73
53,0.36,2.36,1.98,1.15,1.13,0.73
54,0.36,2.36,1.97,1.15,1.13,0.73
55,0.36,2.36,1.97,1.15,1.12,0.72
56,0.36,2.36,1.97,1.14,1.12,0.72
57,0.69,2.36,1.96,1.14,1.12,0.72
58,0.69,2.36,1.96,1.14,1.12,0.72
59,0.69,2.35,2.2,1.13,1.11,0.72
60,0.69,2.35,2.22,1.33,1.11,0.71
61,0.68,2.35,2.21,1.33,1.11,0.71
62,0.68,2.35,2.21,1.33,1.11,0.71
63,0.68,2.34,2.2,1.33,1.11,0.71
64,0.68,2.34,2.2,1.33,1.11,0.7
65,0.67,2.34,2.2,1.32,1.1,0.7
66,0.67,2.34,2.2,1.32,1.1,0.7
67,0.67,2.34,2.18,1.32,1.1,0.7
68,0.67,2.34,2.18,1.31,1.1,0.69
69,0.66,2.33,2.17,1.31,1.1,0.69
70,0.66,2.33,2.17,1.31,1.09,0.69
71,0.66,2.33,2.17,1.31,1.09,0.69
72,0.65,2.32,2.2,1.3,1.09,0.68
73,0.65,2.33,2.19,1.3,1.09,0.68
74,0.65,2.32,2.19,1.3,1.09,0.68
75,0.65,2.32,2.18,1.29,1.08,0.68
76,0.64,2.32,2.17,1.29,1.08,0.67
77,0.64,2.31,2.17,1.29,1.08,1.08
78,0.64,2.31,2.16,1.29,1.08,1.08
79,0.64,2.31,2.16,1.29,1.08,1.08
80,0.63,2.34,2.15,1.28,1.07,1.08
81,0.63,3.27,2.15,1.28,1.07,1.07
82,0.63,3.26,2.14,1.28,1.07,1.07
83,0.63,3.26,2.14,1.27,1.07,1.07
84,0.62,3.26,2.14,1.27,1.07,1.06
85,0.62,3.25,2.13,1.27,1.06,1.06
86,0.62,3.25,2.13,1.27,1.06,1.06
87,0.61,3.25,2.12,1.26,1.06,1.06
88,0.61,3.24,2.12,1.26,1.06,1.06
89,0.61,3.24,2.12,1.26,1.06,1.05
90,0.61,3.24,2.11,1.26,1.05,1.05
91,0.61,3.24,2.11,1.25,1.05,1.05
92,0.75,3.24,2.1,1.25,1.05,1.05
93,0.77,3.23,2.1,1.25,1.05,1.05
94,0.77,3.23,2.1,1.41,1.05,1.04
95,0.77,3.23,2.09,1.41,1.04,1.04
96,0.76,3.23,2.09,1.4,1.04,1.04
97,0.76,3.22,2.08,1.4,1.04,1.04
98,0.76,3.22,2.08,1.4,1.04,1.03
99,0.76,3.22,2.07,1.39,1.04,1.03
100,0.76,3.22,2.58,1.39,1.04,1.03
101,0.75,3.21,2.57,1.39,1.03,1.02
102,0.75,3.21,2.57,1.39,1.03,1.02
103,0.75,3.22,2.56,1.38,1.03,1.02
104,0.74,3.21,2.56,1.38,1.03,1.02
105,0.74,3.21,2.56,1.38,1.03,1.02
106,0.74,3.2,2.55,1.38,1.02,1.01
107,0.74,3.2,2.55,1.37,1.02,1.01
108,0.73,3.2,2.54,1.37,1.02,1.01
109,0.73,3.2,2.76,1.37,1.02,1.01
110,0.73,3.2,2.92,1.37,1.01,1
111,0.73,3.2,2.92,1.36,1.01,1
112,0.73,3.19,2.92,1.36,1.01,1
113,0.72,3.19,2.91,1.36,1.01,1
114,0.72,3.19,2.91,1.36,1.01,0.99
115,0.72,3.19,2.9,1.35,1,0.99
116,0.71,3.18,2.9,1.35,1,0.99
117,0.71,3.18,2.89,1.38,1,0.99
118,0.71,3.18,2.89,1.37,1,0.99
119,0.71,3.17,2.89,1.37,1,0.98
120,0.7,3.17,2.89,1.37,1,0.98
121,0.7,3.17,2.88,1.36,0.99,0.98
122,0.7,3.17,3.08,1.36,0.99,0.97
123,0.7,3.17,3.08,1.36,0.99,0.97
124,0.7,3.17,3.07,1.36,0.99,0.97
125,0.7,3.16,3.07,1.35,0.99,1.25
126,0.69,3.16,3.06,1.35,0.98,1.24
127,0.69,3.16,3.06,1.35,0.98,1.24
128,0.69,3.16,3.06,1.35,0.98,1.24
129,0.68,3.16,3.05,1.34,0.98,1.24
130,0.68,3.15,3.05,1.34,0.98,1.24
131,0.68,3.15,3.04,1.34,0.97,1.23
132,0.68,3.15,3.04,1.34,0.97,1.23
133,0.68,3.15,3.04,1.33,0.97,1.23
134,0.67,3.15,3.03,1.33,0.97,1.22
135,0.67,3.14,3.03,1.33,0.97,1.22
136,0.67,3.14,3.03,1.33,0.96,1.22
137,0.67,3.14,3.02,1.32,0.96,1.22
138,0.67,3.14,3.02,1.32,0.96,1.22
139,0.67,3.13,3.02,1.32,0.96,1.21
140,0.67,3.13,3.01,1.32,0.95,1.21
141,0.66,3.13,3.01,1.32,0.95,1.21
142,0.66,3.13,3.01,1.31,0.95,1.21
143,0.66,3.12,3,1.31,0.95,1.2
144,0.95,3.12,3,1.31,0.95,1.2
145,0.95,3.12,2.99,1.3,0.94,1.2
146,0.94,3.12,2.99,1.3,0.94,1.2
147,0.94,3.12,2.99,1.3,0.94,1.19
148,0.94,3.11,2.98,1.3,0.94,1.19
149,0.94,3.11,2.98,1.3,0.94,1.19
150,0.94,3.11,2.98,1.3,0.94,1.19
151,0.93,3.11,2.97,1.29,0.94,1.18
152,0.93,3.11,2.97,1.29,0.93,1.18
153,0.93,3.11,2.97,1.29,0.93,1.18
154,0.93,3.1,2.96,1.29,1.63,1.18
155,0.93,3.1,2.96,1.28,1.63,1.18
156,0.92,3.1,2.95,1.28,1.63,1.17
157,0.92,3.1,2.95,1.28,1.63,1.17
158,0.92,3.1,2.95,1.27,1.63,1.17
159,0.91,3.09,2.95,1.27,1.62,1.17
160,0.91,3.09,2.94,1.27,1.62,1.17
161,0.91,3.09,2.94,1.27,1.62,1.16
162,0.91,3.08,2.94,1.26,1.61,1.16
163,0.91,3.08,2.94,1.26,1.61,1.16
164,0.9,3.08,2.93,1.26,1.61,1.16
165,0.9,3.08,2.93,1.26,1.61,1.15
166,0.9,3.08,2.93,1.26,1.61,1.15
167,0.9,3.08,2.92,1.25,1.6,1.15
168,0.89,3.07,2.92,1.25,1.6,1.15
169,0.89,3.07,2.92,1.25,1.6,1.14
170,0.89,3.07,2.91,1.25,1.6,1.14
171,0.88,3.07,2.91,1.24,1.59,1.14
172,0.88,3.07,2.91,1.24,1.59,1.14
173,0.88,3.06,2.91,1.24,1.59,1.14
174,0.88,3.06,2.91,1.23,1.59,1.13
175,0.88,3.06,2.91,1.23,1.58,1.13
176,0.87,3.06,2.9,1.23,1.58,1.13
177,0.87,3.06,2.9,1.23,1.58,1.13
178,0.87,3.05,2.9,1.23,1.58,1.12
179,0.87,3.05,2.89,1.22,1.58,1.12
180,0.87,3.05,2.89,1.22,1.57,1.12
181,0.86,3.05,2.89,1.22,1.57,1.12
182,1,3.04,2.89,1.22,1.57,1.12
183,1.11,3.04,2.88,1.21,1.57,1.11
184,1.11,3.04,2.88,1.21,1.56,1.11
185,1.11,3.04,2.88,1.21,1.56,1.64
186,1.11,3.04,3.19,1.21,1.56,1.65
187,1.1,3.03,3.19,1.2,1.56,1.64
188,1.1,3.03,3.18,1.2,1.55,1.67
189,1.1,3.03,3.2,1.2,1.55,1.66
190,1.1,3.03,3.2,1.2,1.55,1.66
191,1.09,3.03,3.2,1.19,1.55,1.66
192,1.09,3.02,3.19,1.19,1.55,1.65
193,1.09,3.02,3.19,1.19,1.55,1.65
194,1.09,3.02,3.2,1.19,1.54,1.65
195,1.08,3.02,3.19,1.19,1.54,1.65
196,1.08,3.02,3.19,1.18,1.54,1.65
197,1.08,3.01,3.18,1.18,1.54,1.64
198,1.08,3.01,3.18,1.18,1.54,1.64
199,1.08,3.01,3.18,1.18,1.53,1.64
200,1.07,3.01,3.17,1.17,1.53,1.64
201,1.07,3.01,3.17,1.17,1.53,1.64
202,1.07,3,3.17,1.17,1.53,1.63
203,1.07,3,3.17,1.22,1.52,1.63
204,1.06,3,3.17,1.24,1.52,1.63
205,1.06,3,3.16,1.25,1.52,1.63
206,1.06,3,3.16,1.24,1.52,1.63
207,1.05,2.99,3.16,1.24,1.52,1.62
208,1.05,2.99,3.15,1.24,1.51,1.62
209,1.05,2.99,3.15,1.23,1.51,1.62
210,1.05,2.99,3.15,1.23,1.51,1.61
211,1.05,2.99,3.14,1.23,1.51,1.61
212,1.04,2.98,3.15,1.22,1.51,1.61
213,1.04,2.98,3.14,1.22,1.5,1.61
214,1.04,2.98,3.14,1.22,1.5,1.61
215,1.04,2.98,3.13,1.22,1.5,1.6
216,1.03,2.97,3.13,1.22,1.5,1.6
217,1.03,2.97,3.13,1.21,1.49,1.6
218,1.03,2.97,3.13,1.21,1.49,1.6
219,1.03,2.97,3.13,1.21,1.49,1.6
220,1.03,2.96,3.12,1.21,1.49,1.59
221,1.02,2.96,3.12,1.2,1.48,1.59
222,1.37,2.96,3.12,1.2,1.48,1.59
223,1.39,2.96,3.12,1.2,1.48,1.59
224,1.4,2.96,3.11,1.2,1.48,1.59
225,1.4,2.96,3.11,1.2,1.48,1.58
226,1.4,2.95,3.1,1.19,1.48,1.58
227,1.4,2.95,3.1,1.19,1.47,1.58
228,1.39,2.95,3.1,1.19,1.47,1.58
229,1.39,2.95,3.1,1.21,1.47,1.57
230,1.39,2.94,3.1,1.21,1.47,1.57
231,1.39,2.94,3.09,1.21,1.46,1.57
232,1.39,2.94,3.09,1.2,1.46,1.57
233,1.38,2.94,3.09,1.2,1.46,1.56
234,1.38,2.94,3.25,1.2,1.46,1.56
235,1.38,2.93,3.24,1.2,1.46,1.56
236,1.38,2.93,3.25,1.19,1.45,1.56
237,1.37,2.93,3.24,1.19,1.45,1.56
238,1.37,2.93,3.24,1.19,1.45,1.55
239,1.37,2.92,3.24,1.19,1.45,1.55
240,1.37,2.92,3.24,1.19,1.45,1.55
241,1.36,2.92,3.24,1.18,1.44,1.55
242,1.36,2.92,3.23,1.18,1.44,1.54
243,1.36,2.92,3.23,1.18,1.44,1.54
244,1.36,2.9,3.22,1.18,1.44,1.54
245,1.35,2.91,3.27,1.17,1.43,1.54
246,1.35,2.91,3.27,1.17,1.42,1.54
247,1.35,0,3.26,1.17,1.43,1.53
248,1.35,0,3.26,1.17,1.43,1.53
249,1.34,0,3.26,1.17,0,1.53
250,1.34,0,3.26,1.16,0,1.53
251,1.34,0,3.25,1.16,0,1.53
252,1.34,0,3.25,1.16,0,1.53
253,1.33,0,3.25,1.15,0,1.9
254,1.33,0,3.25,1.15,0,1.89
255,1.33,0,3.25,1.15,0,1.91
256,1.33,0,3.24,1.15,0,1.91
257,1.32,0,3.24,1.15,0,1.9
258,1.32,0,3.24,1.14,0,1.89
259,1.32,0,3.24,1.14,0,1.89
260,1.32,0,3.23,1.14,0,1.88
261,1.32,0,3.23,1.13,0,1.88
262,1.31,0,3.23,1.13,0,1.87
263,1.31,0,3.22,1.13,0,1.87
264,1.31,0,3.22,1.13,0,1.86
265,1.31,0,3.22,1.13,0,1.86
266,1.3,0,3.21,1.12,0,1.85
267,1.3,0,3.21,1.12,0,1.85
268,1.3,0,3.21,1.12,0,1.84
269,1.64,0,3.21,1.12,0,1.84
270,1.64,0,3.2,1.12,0,1.83
271,1.66,0,3.2,1.11,0,1.83
272,1.65,0,3.2,1.11,0,1.82
273,1.65,0,3.2,1.11,0,1.82
274,1.65,0,3.2,1.37,0,1.81
275,1.65,0,3.19,1.37,0,1.81
276,1.65,0,3.19,1.37,0,1.8
277,1.64,0,3.19,1.36,0,1.8
278,1.64,0,3.19,1.36,0,1.8
279,1.64,0,3.18,1.36,0,1.79
280,1.63,0,3.18,1.36,0,1.79
281,1.63,0,3.17,1.35,0,1.79
282,1.63,0,3.17,1.35,0,1.78
283,1.62,0,3.17,1.35,0,1.78
284,1.62,0,3.17,1.35,0,1.77
285,1.62,0,3.17,1.35,0,1.77
286,1.62,0,3.16,1.35,0,1.77
287,1.61,0,3.16,1.34,0,1.76
288,1.61,0,3.16,1.34,0,1.76
289,1.61,0,3.15,1.34,0,1.76
290,1.61,0,3.15,1.33,0,1.75
291,1.6,0,3.15,1.33,0,1.75
292,1.6,0,3.15,1.33,0,1.75
293,1.6,0,3.15,1.43,0,1.74
294,1.6,0,3.14,1.43,0,1.74
295,1.6,0,3.14,1.43,0,1.74
296,1.59,0,3.14,1.43,0,1.73
297,1.59,0,3.13,1.42,0,1.73
298,1.59,0,3.13,1.42,0,1.73
299,1.59,0,3.13,1.42,0,1.72
300,1.58,0,3.13,1.42,0,1.72
301,1.58,0,3.12,1.41,0,1.72
302,1.58,0,3.12,1.41,0,1.72
303,1.58,0,3.12,1.41,0,1.72
304,1.57,0,3.11,1.41,0,1.71
305,1.57,0,3.11,1.41,0,1.71
306,1.57,0,3.11,1.4,0,2.3
307,1.57,0,3.11,1.4,0,2.29
308,1.57,0,3.11,1.4,0,2.29
309,1.56,0,3.1,1.39,0,2.29
310,1.56,0,3.1,1.39,0,2.28
311,1.56,0,3.09,1.39,0,2.28
312,1.56,0,3.09,1.39,0,2.28
313,1.56,0,3.09,1.38,0,2.27
314,1.55,0,3.09,1.38,0,2.27
315,1.55,0,3.09,1.38,0,2.27
316,1.55,0,3.08,1.38,0,2.27
317,1.55,0,3.08,1.38,0,2.26
318,1.54,0,3.08,1.38,0,2.26
319,1.66,0,3.07,1.37,0,2.26
320,1.73,0,3.07,1.63,0,2.26
321,1.72,0,3.07,1.62,0,2.25
322,1.72,0,3.07,1.62,0,2.26
323,1.72,0,3.06,1.61,0,2.25
324,1.72,0,3.06,1.61,0,2.25
325,1.71,0,3.06,1.61,0,2.25
326,1.71,0,3.06,1.61,0,2.24
327,1.71,0,3.05,1.61,0,2.24
328,1.71,0,3.05,1.6,0,2.24
329,1.71,0,3.05,1.6,0,2.24
330,1.7,0,3.05,1.6,0,2.23
331,1.7,0,3.04,1.6,0,2.23
332,1.7,0,3.04,1.59,0,2.23
333,1.69,0,3.04,1.59,0,2.23
334,1.69,0,3.04,1.59,0,2.22
335,1.69,0,3.03,1.59,0,2.22
336,1.69,0,3.03,1.59,0,2.22
337,1.69,0,3.02,1.58,0,2.22
338,1.68,0,3.02,1.58,0,2.22
339,1.68,0,3.02,1.58,0,2.21
340,1.68,0,3.02,1.57,0,2.21
341,1.68,0,3.02,1.57,0,2.21
342,1.67,0,3.01,1.57,0,2.21
343,1.67,0,3.01,1.57,0,2.21
344,1.67,0,3.01,1.57,0,2.2
345,1.67,0,3,1.57,0,2.2
346,1.67,0,3,1.56,0,2.2
347,1.66,0,3,1.56,0,2.2
348,1.66,0,3,1.56,0,2.19
349,1.93,0,2.99,1.56,0,2.19
350,1.94,0,2.99,1.55,0,2.19
351,1.94,0,2.99,1.55,0,2.19
352,1.94,0,2.98,1.55,0,2.19
353,1.94,0,2.98,1.55,0,2.19
354,1.93,0,2.98,1.54,0,2.18
355,1.93,0,2.97,1.54,0,2.18
356,1.93,0,2.97,1.54,0,2.18
357,1.92,0,2.97,1.54,0,2.18
358,1.92,0,2.97,1.54,0,2.17
359,1.92,0,2.96,1.53,0,2.17
360,1.92,0,2.96,1.61,0,2.17
361,1.92,0,2.96,1.67,0,2.17
362,1.92,0,2.96,1.66,0,2.17
363,1.91,0,2.95,1.66,0,2.16
364,1.91,0,2.95,1.66,0,2.16
365,1.91,0,2.95,1.66,0,2.16
366,1.91,0,2.94,1.65,0,2.16
367,1.9,0,2.94,1.65,0,2.16
368,1.9,0,2.94,1.65,0,2.16
369,1.9,0,2.94,1.64,0,2.15
370,1.89,0,2.93,1.65,0,2.15
371,1.89,0,2.93,1.64,0,2.15
372,1.89,0,2.93,1.64,0,2.15
373,1.89,0,2.92,1.64,0,2.14
374,1.88,0,2.92,1.64,0,2.14
375,1.88,0,2.92,1.63,0,2.14
376,1.88,0,2.92,1.63,0,2.14
377,1.88,0,2.92,1.63,0,2.14
378,1.88,0,2.91,1.63,0,2.13
379,1.87,0,2.91,1.63,0,2.13
380,1.87,0,2.9,1.62,0,2.13
381,1.87,0,2.91,1.62,0,2.13
382,1.87,0,2.9,1.62,0,2.12
383,1.86,0,2.9,1.62,0,2.12
384,1.86,0,2.9,1.61,0,2.12
385,1.86,0,2.89,1.61,0,2.12
386,1.86,0,2.89,1.61,0,2.12
387,1.85,0,2.89,1.61,0,2.12
388,1.85,0,2.88,1.6,0,2.11
389,1.85,0,2.88,1.6,0,2.11
390,1.85,0,2.88,1.6,0,2.11
391,1.85,0,2.88,1.6,0,2.11
392,1.84,0,2.87,1.59,0,2.11
393,1.84,0,2.87,1.59,0,2.1
394,1.84,0,2.87,1.59,0,2.1
395,1.84,0,2.87,1.59,0,2.1
396,1.83,0,2.86,1.59,0,2.1
397,1.83,0,2.86,1.78,0,2.1
398,1.83,0,2.86,1.78,0,2.09
399,1.83,0,2.86,1.78,0,3.18
400,1.83,0,2.86,1.77,0,3.17
401,1.82,0,2.85,1.77,0,3.17
402,1.82,0,2.85,1.77,0,3.17
403,1.82,0,2.85,1.77,0,3.16
404,1.82,0,3.62,1.76,0,3.16
405,1.81,0,3.61,1.76,0,3.16
406,1.81,0,3.63,1.76,0,3.15
407,1.81,0,3.63,1.76,0,3.15
408,1.81,0,3.63,1.75,0,3.15
409,1.81,0,3.63,1.75,0,3.15
410,1.8,0,3.62,1.75,0,3.15
411,1.8,0,3.62,1.75,0,3.14
412,1.8,0,3.62,1.74,0,3.14
413,1.8,0,3.61,1.74,0,3.14
414,1.79,0,3.61,1.74,0,3.13
415,1.79,0,3.6,1.77,0,3.13
416,1.79,0,3.61,1.76,0,3.13
417,1.79,0,3.6,1.76,0,3.13
418,1.79,0,3.6,1.76,0,3.13
419,1.79,0,3.6,1.75,0,3.12
420,1.78,0,3.59,1.75,0,3.12
421,1.78,0,3.59,1.75,0,3.12
422,1.78,0,3.59,1.75,0,3.12
423,1.77,0,3.59,1.74,0,3.12
424,1.77,0,3.58,1.74,0,3.11
425,1.77,0,3.58,1.74,0,3.11
426,1.77,0,3.58,1.74,0,3.11
427,1.77,0,3.57,1.74,0,3.11
428,1.76,0,3.57,1.73,0,3.1
429,1.76,0,3.57,1.73,0,3.1
430,1.76,0,3.56,1.73,0,3.1
431,1.76,0,3.56,1.73,0,3.1
432,2.62,0,3.56,1.72,0,3.1
433,2.62,0,3.56,1.73,0,3.09
434,2.62,0,3.55,1.72,0,3.09
435,2.61,0,3.55,1.72,0,3.09
436,2.64,0,3.55,1.72,0,3.09
437,2.66,0,3.55,1.71,0,3.08
438,2.65,0,3.54,1.71,0,3.08
439,2.65,0,3.54,1.71,0,3.08
440,2.65,0,3.54,1.71,0,3.08
441,2.64,0,3.53,1.7,0,3.07
442,2.65,0,3.53,1.7,0,3.07
443,2.64,0,3.53,1.7,0,3.07
444,2.64,0,3.53,1.7,0,3.07
445,2.64,0,3.52,1.7,0,3.07
446,2.63,0,3.52,1.69,0,3.07
447,2.63,0,3.52,1.69,0,3.06
448,2.63,0,3.52,1.69,0,3.06
449,2.63,0,3.52,1.69,0,4.41
450,2.63,0,3.51,1.68,0,4.41
451,2.62,0,3.51,1.68,0,4.41
452,2.62,0,3.51,1.68,0,4.4
453,2.62,0,3.51,1.68,0,4.4
454,2.61,0,3.5,1.67,0,4.39
455,2.61,0,3.5,1.67,0,4.39
456,2.61,0,3.5,1.67,0,4.39
457,2.61,0,3.49,1.66,0,4.39
458,2.61,0,3.49,1.67,0,4.38
459,2.6,0,3.49,1.66,0,4.38
460,2.6,0,3.48,2.04,0,4.38
461,2.6,0,3.48,2.04,0,4.38
462,2.6,0,3.48,2.04,0,4.37
463,2.6,0,3.48,2.03,0,4.37
464,2.6,0,3.48,2.03,0,4.37
465,2.59,0,3.47,2.03,0,4.37
466,2.59,0,3.47,2.03,0,4.95
467,2.59,0,3.47,2.03,0,4.98
468,2.58,0,3.47,2.02,0,4.98
469,2.58,0,3.46,2.02,0,4.97
470,2.58,0,3.46,2.02,0,4.97
471,2.58,0,3.46,2.02,0,4.96
472,2.98,0,3.46,2.02,0,4.96
473,3.03,0,3.45,2.01,0,4.96
474,3.05,0,3.45,2.01,0,4.96
475,3.06,0,3.45,2.01,0,4.95
476,3.06,0,3.44,2,0,4.95
477,3.06,0,3.44,2,0,4.95
478,3.06,0,3.44,2,0,4.94
479,3.06,0,3.44,2,0,4.94
480,3.06,0,3.43,2,0,4.94
481,3.06,0,3.43,1.99,0,4.94
482,3.05,0,3.43,1.99,0,4.93
483,3.05,0,3.43,1.99,0,4.93
484,3.05,0,3.42,1.99,0,4.93
485,3.04,0,3.42,1.98,0,4.93
486,3.04,0,3.42,1.98,0,4.92
487,3.04,0,3.41,1.98,0,4.92
488,3.04,0,3.41,1.98,0,4.92
489,3.04,0,3.41,1.98,0,4.92
490,3.04,0,3.41,1.97,0,4.91
491,3.03,0,3.4,1.97,0,4.91
492,3.03,0,3.4,1.97,0,4.91
493,3.03,0,3.4,1.97,0,4.91
494,3.02,0,0,1.96,0,4.9
495,3.02,0,0,1.96,0,4.9
496,3.02,0,0,1.96,0,4.9
497,3.02,0,0,1.96,0,4.9
498,3.01,0,0,1.95,0,4.89
499,3.01,0,0,1.95,0,4.89
500,3.01,0,0,1.95,0,4.89
501,3.01,0,0,1.95,0,4.89
502,3,0,0,1.95,0,4.88
503,3,0,0,1.95,0,4.88
504,3,0,0,1.94,0,4.87
505,3,0,0,1.94,0,4.87
506,2.99,0,0,1.94,0,4.87
507,2.99,0,0,1.94,0,4.87
508,2.99,0,0,1.93,0,4.86
509,2.99,0,0,1.93,0,4.86
510,2.98,0,0,1.93,0,4.86
511,2.98,0,0,1.93,0,4.86
512,2.98,0,0,1.92,0,4.86
513,2.98,0,0,1.92,0,4.85
514,2.98,0,0,1.92,0,4.85
515,2.97,0,0,1.92,0,5.25
516,2.97,0,0,1.91,0,5.36
517,2.97,0,0,1.91,0,5.35
518,3.36,0,0,1.91,0,5.35
519,3.35,0,0,1.91,0,5.35
520,3.35,0,0,1.91,0,5.35
521,3.37,0,0,1.9,0,5.35
522,3.4,0,0,1.9,0,5.34
523,3.4,0,0,1.9,0,5.34
524,3.39,0,0,1.9,0,5.34
525,3.39,0,0,1.89,0,5.33
526,3.39,0,0,1.89,0,5.33
527,3.39,0,0,1.89,0,5.33
528,3.38,0,0,1.89,0,5.33
529,3.38,0,0,1.88,0,5.33
530,3.38,0,0,1.89,0,5.33
531,3.38,0,0,1.88,0,5.32
532,3.37,0,0,2.65,0,5.32
533,3.37,0,0,2.67,0,5.32
534,3.37,0,0,2.67,0,5.31
535,3.37,0,0,2.7,0,5.31
536,3.37,0,0,2.69,0,5.31
537,3.36,0,0,2.69,0,5.31
538,3.36,0,0,2.69,0,5.3
539,3.36,0,0,2.68,0,5.3
540,3.36,0,0,2.68,0,5.3
541,3.35,0,0,2.68,0,5.29
542,3.35,0,0,2.68,0,5.29
543,3.35,0,0,2.67,0,5.29
544,3.35,0,0,2.67,0,5.29
545,3.35,0,0,2.67,0,5.29
546,3.34,0,0,2.67,0,5.28
547,3.34,0,0,2.67,0,5.28
548,3.34,0,0,2.66,0,5.28
549,3.34,0,0,2.66,0,5.28
550,3.34,0,0,2.66,0,5.27
551,3.33,0,0,2.65,0,5.27
552,3.33,0,0,2.65,0,5.27
553,3.33,0,0,2.94,0,5.27
554,3.32,0,0,2.94,0,5.26
555,3.32,0,0,2.93,0,5.26
556,3.32,0,0,2.93,0,5.26
557,3.32,0,0,2.93,0,5.26
558,3.32,0,0,2.93,0,5.26
559,3.32,0,0,2.92,0,5.25
560,3.31,0,0,2.92,0,5.25
561,3.31,0,0,2.92,0,5.25
562,3.31,0,0,2.92,0,5.25
563,3.31,0,0,2.91,0,5.24
564,3.31,0,0,2.91,0,5.24
565,3.3,0,0,2.91,0,5.24
566,3.3,0,0,2.91,0,5.24
567,3.3,0,0,2.9,0,5.23
568,3.3,0,0,2.9,0,5.23
569,3.29,0,0,2.9,0,5.23
570,3.29,0,0,2.9,0,5.23
571,3.29,0,0,2.9,0,5.22
572,3.29,0,0,2.89,0,5.22
573,3.29,0,0,2.89,0,5.22
574,3.29,0,0,2.89,0,5.22
575,3.28,0,0,2.88,0,5.22
576,3.28,0,0,2.88,0,5.21
577,3.28,0,0,2.88,0,5.21
578,3.27,0,0,2.88,0,5.21
579,3.28,0,0,2.88,0,5.21
580,3.27,0,0,2.88,0,5.21
581,3.27,0,0,2.87,0,5.2
582,3.27,0,0,2.87,0,5.2
583,3.27,0,0,2.86,0,5.2
584,3.26,0,0,2.86,0,5.2
585,3.26,0,0,2.86,0,5.19
586,3.26,0,0,2.86,0,5.19
587,3.26,0,0,2.85,0,5.19
588,3.26,0,0,2.85,0,5.19
589,3.25,0,0,2.85,0,5.19
590,3.25,0,0,2.85,0,5.18
591,3.25,0,0,2.84,0,5.18
592,3.25,0,0,2.84,0,5.18
593,3.25,0,0,2.84,0,5.18
594,3.24,0,0,2.84,0,5.18
595,3.24,0,0,2.84,0,5.18
596,3.24,0,0,2.83,0,5.17
597,3.24,0,0,2.83,0,5.17
598,3.24,0,0,2.83,0,5.17
599,3.23,0,0,2.83,0,5.17
600,3.23,0,0,2.82,0,5.17
601,3.23,0,0,2.82,0,5.16
602,3.23,0,0,2.82,0,5.16
603,3.23,0,0,2.82,0,5.16
604,3.23,0,0,2.82,0,5.16
605,3.22,0,0,2.81,0,5.16
606,3.22,0,0,2.81,0,6.04
607,3.22,0,0,2.81,0,6.06
608,3.22,0,0,2.8,0,6.06
609,3.21,0,0,2.8,0,6.06
610,3.21,0,0,2.8,0,6.06
611,3.21,0,0,2.8,0,6.05
612,3.21,0,0,2.8,0,6.08
613,3.21,0,0,2.79,0,6.08
614,3.21,0,0,2.79,0,6.07
615,3.2,0,0,2.79,0,6.07
616,3.2,0,0,2.78,0,6.07
617,3.2,0,0,2.78,0,6.06
618,3.2,0,0,2.78,0,6.06
619,3.19,0,0,2.78,0,6.06
620,3.19,0,0,2.77,0,6.06
621,3.19,0,0,2.77,0,6.06
622,3.79,0,0,2.77,0,6.05
623,3.81,0,0,2.77,0,6.05
624,3.81,0,0,2.77,0,6.05
625,3.81,0,0,2.76,0,6.05
626,3.8,0,0,2.76,0,6.05
627,3.8,0,0,2.76,0,6.04
628,3.8,0,0,2.76,0,6.04
629,3.79,0,0,2.75,0,6.04
630,3.79,0,0,2.75,0,6.04
631,3.79,0,0,2.75,0,6.04
632,3.79,0,0,2.75,0,6.03
633,3.79,0,0,2.74,0,6.03
634,3.78,0,0,2.74,0,6.03
635,3.78,0,0,2.74,0,6.02
636,3.78,0,0,2.74,0,6.02
637,3.78,0,0,3.3,0,6.02
638,3.78,0,0,3.32,0,6.02
639,3.78,0,0,3.32,0,6.02
640,3.77,0,0,3.32,0,6.02
641,3.77,0,0,3.31,0,6.01
642,3.77,0,0,3.31,0,6.01
643,3.77,0,0,3.31,0,6.01
644,3.76,0,0,3.3,0,6.01
645,3.76,0,0,3.3,0,6
646,3.76,0,0,3.3,0,6
647,3.76,0,0,3.3,0,6
648,3.75,0,0,3.3,0,6
649,3.75,0,0,3.29,0,5.99
650,3.75,0,0,3.29,0,5.99
651,3.75,0,0,3.29,0,6.04
652,3.75,0,0,3.28,0,6.76
653,3.74,0,0,3.28,0,6.75
654,3.74,0,0,3.28,0,6.75
655,3.74,0,0,3.3,0,6.79
656,3.74,0,0,3.32,0,6.79
657,3.74,0,0,3.32,0,6.79
658,3.73,0,0,3.31,0,6.79
659,3.73,0,0,3.31,0,6.79
660,3.73,0,0,3.31,0,6.78
661,3.73,0,0,3.31,0,6.78
662,3.73,0,0,3.31,0,6.78
663,3.73,0,0,3.31,0,6.78
664,3.72,0,0,3.3,0,6.78
665,3.72,0,0,3.3,0,6.77
666,3.72,0,0,3.3,0,6.77
667,3.72,0,0,3.29,0,6.77
668,3.71,0,0,3.29,0,6.77
669,3.71,0,0,3.29,0,6.77
670,3.71,0,0,3.29,0,6.77
671,3.71,0,0,3.29,0,6.76
672,3.7,0,0,3.28,0,6.76
673,3.7,0,0,3.28,0,6.76
674,3.7,0,0,3.28,0,6.76
675,3.7,0,0,3.28,0,6.75
676,3.69,0,0,3.27,0,6.75
677,3.69,0,0,3.27,0,6.75
678,3.69,0,0,3.67,0,6.75
679,3.69,0,0,3.67,0,6.74
680,3.69,0,0,3.67,0,6.74
681,3.69,0,0,3.69,0,6.74
682,3.68,0,0,3.69,0,6.74
683,3.68,0,0,3.69,0,6.73
684,3.68,0,0,3.68,0,6.73
685,3.68,0,0,3.68,0,6.73
686,3.68,0,0,3.68,0,6.73
687,3.67,0,0,3.68,0,6.73
688,3.67,0,0,3.67,0,6.72
689,3.67,0,0,3.68,0,6.72
690,3.67,0,0,3.67,0,6.72
691,3.66,0,0,3.67,0,6.72
692,3.66,0,0,3.67,0,6.71
693,3.66,0,0,3.67,0,6.71
694,3.66,0,0,3.67,0,6.71
695,3.66,0,0,3.66,0,6.71
696,3.65,0,0,3.66,0,6.71
697,3.65,0,0,3.65,0,6.7
698,3.65,0,0,3.66,0,6.7
699,3.65,0,0,3.65,0,6.7
700,3.65,0,0,3.65,0,7.33
701,4.34,0,0,3.67,0,7.35
702,4.34,0,0,3.72,0,7.34
703,4.33,0,0,3.72,0,7.34
704,4.33,0,0,3.72,0,7.34
705,4.33,0,0,3.72,0,7.34
706,4.33,0,0,3.71,0,7.34
707,4.32,0,0,3.71,0,7.34
708,4.32,0,0,3.71,0,7.33
709,4.32,0,0,3.71,0,7.33
710,4.32,0,0,3.71,0,7.33
711,4.32,0,0,3.71,0,7.33
712,4.31,0,0,3.7,0,7.32
713,4.31,0,0,3.7,0,7.32
714,4.31,0,0,3.7,0,7.32
715,4.31,0,0,3.69,0,7.32
716,4.31,0,0,3.69,0,7.31
717,4.3,0,0,3.69,0,7.31
718,4.3,0,0,3.69,0,7.31
719,4.3,0,0,3.69,0,7.31
720,4.3,0,0,3.68,0,7.31
721,4.29,0,0,3.68,0,7.3
,,,,,,
,,,,,,
,,,,,,
,,,,,,
,,,,,,
,,,,,,
,,,,,,
,,,,,,
,,,,,,
,,,,,,
,,,,,,
,,,,,,
,,,,,,
,,,,,,
,,,,,,
,,,,,,
,,,,,,
,,,,,,
,,,,,,
,,,,,,